{"SolvencyRatio":[0.39999999999999925,0.37703787530137106,0.34916431556406297,0.3286615767396963,0.336204952587395,0.3423631398441996,0.34731230615373165,0.3506260284873979,0.3526987255880734,0.3532206232340037,0.3532261191277651,0.35180136376752236,0.33594384610793815,0.3184965983909697,0.29933295663540577,0.2778898458077766,0.2547856769823069,0.23013656790046497,0.2032098420107983,0.1722077158323943,0.1390710428370815,0.10233785106381228,0.061299743226381195,0.018951968778235274,-0.02739926971651345,-0.07787835538771092,-0.1325934426388873,-0.18962043348490354,-0.2496904900470684,-0.31559957060197696,-0.38814909704501155,-0.4650622471178428],"Houses":[200,200,200,200,200,200,200,200,200,200,200,200,200,200,200,200,200,200,200,200,200,200,200,200,200,200,200,200,200,200,200,200],"Rent":[499.3219918025625,499.3219918025625,499.3219918025625,499.3219918025625,499.3219918025625,499.3219918025625,499.3219918025625,499.3219918025625,499.3219918025625,499.3219918025625,499.3219918025625,499.3219918025625,499.3219918025625,499.3219918025625,499.3219918025625,499.3219918025625,499.3219918025625,499.3219918025625,499.3219918025625,499.3219918025625,499.3219918025625,499.3219918025625,499.3219918025625,499.3219918025625,499.3219918025625,499.3219918025625,499.3219918025625,499.3219918025625,499.3219918025625,499.3219918025625,499.3219918025625,499.3219918025625],"Sustainability":[49.85499999999993,48.85789999999998,47.880741999999984,46.92312716000005,45.98466461679992,45.064971324463926,44.163671897974716,43.280398460015114,42.41479049081499,41.56649468099851,40.73516478737872,39.92046149163113,39.12205226179834,38.33961121656242,37.57281899223117,36.82136261238657,36.08493536013885,35.36323665293604,34.6559719198773,33.96285248147979,33.28359543185024,32.61792352321331,31.965565052748957,31.32625375169394,30.699728676660047,30.08573410312692,29.484019421064332,28.89433903264307,28.31645225199013,27.750123206950363,27.195120742811437,26.651218327955135],"Maintenance":[368.25322192616363,387.9978828701052,400.3518984075343,413.20907548814847,440.0371897073865,461.7924814054535,484.5976113062363,505.75728006568863,532.5434162471222,556.5382250707803,585.2100680662401,607.9664853052724,628.5727160647386,659.265078475971,692.1184170912989,729.1219517050035,758.1181678654875,790.3766614280955,832.8946556426761,862.8833746280259,909.2732490663662,942.4380308763856,983.0151894952387,1034.2900529727683,1063.9505950490302,1108.779138526446,1140.2349324554934,1196.1737075665453,1238.3655775993718,1286.1252524814038,1327.2895213894506,1383.3245811936079],"Debt":[16203194.967703348,16089259.189275324,16089259.189275324,16089317.19348889,16097210.645895422,16132330.617801672,16201660.790564783,16305126.902236989,16442867.186226422,16618026.107041365,16832564.53497107,17089890.274433438,17739685.11475058,18453360.82459922,19235935.967022434,20091831.606532194,21027432.942193195,22045825.20609014,23151836.926982526,24354458.81899552,25658886.31025085,27074562.715261187,28680231.199834768,30413816.82893317,32283327.668680973,34289975.33881087,36443532.496050715,38753125.85591021,41229234.768095516,43878842.66711385,46715419.084704615,49749828.3235896],"Interest":[0,221929.396487828,295581.4573006444,295581.4573006444,295582.9353144199,295819.8634348318,296982.5884699744,299333.7933340745,303084.96328525053,308232.2132265443,315158.8293996545,323739.52359273785,683061.0385389808,712456.7363790002,744043.5672350506,779347.5724043687,818495.5414868513,861779.5027796897,909387.4936040066,962060.4950824444,1020733.1116248139,1085408.6371916549,1229857.3339331218,1308752.6776030047,1392900.6055964143,1482003.6140973812,1575623.0060741676,1681265.8139678058,1790867.1903940365,1909905.4990959363,2037448.0959454984,2175585.132166675],"Scores":[1260.327293385927,1251.0629696493531,1242.4351056364924,1244.549429634357,1221.924899725726,1206.7759608899132,1246.5210321541026,1242.7511370734637,1227.5385349952164,1224.251789656963,1200.5374446325532,1171.5489478369811,1119.646146236067,1042.061638738018,1006.4410122319364,893.3288970374709,766.2536501879312,682.8465314422199,580.2896883536598,524.2465939782765,454.86110287483365,372.779354405308,293.0157310166178,243.9694510549373,210.55015848653514,198.35507789206054,107.97412713112018,84.07955018095358,82.64435979398208,61.821139273265196,60.71121519429109,58.11802398283376],"NumberOfHousesScore":[200,200,200,200,200,200,200,200,200,200,200,200,200,200,200,200,200,200,200,200,200,200,200,200,200,200,200,200,200,200,200,200],"RentScores":[124.12729338592912,128.79286964935147,134.10009963649182,140.1926513143571,151.48296742012602,177.12151376996349,220.69645093939099,247.1459315658393,262.5196594587218,274.74345846021083,282.7208154810308,288.4862734303654,295.11316159999797,300.6415364293287,305.96680084484245,311.1685884938396,316.1450262934341,320.97636328720756,325.9234970369912,330.5702668149794,335.0571468429622,339.33806084315756,343.5142989641722,347.4842880683077,352.5301368253723,356.42450273736074,360.22015151339525,364.10798781963183,367.8123791258786,371.3003236727984,374.6860260942209,378.07911333264065],"SustainabilityScores":[-63.80000000000011,-77.72990000000009,-91.6649939999999,-95.64322168000017,-129.5580676943997,-158.447554649696,-162.28156272150918,-181.07965157685777,-184.793058545321,-188.43219737441422,-206.95465000552215,-230.36826300318617,-238.6863786306709,-246.92744788758526,-250.0888989298337,-273.14139736181846,-301.0780327326184,-323.9006234959261,-341.6194224680213,-364.2444575653161,-366.7595684140099,-409.11267935660953,-416.3977720699622,-438.5880488546775,-445.71022428139463,-457.76450838372494,-479.72619539196654,-511.56536306169653,-533.2975319154044,-539.9690983415661,-561.5503316994001,-608.0131436120214],"NumberOfCheapHouses":[13,14,20.6,26.62,34.96,45.01,57.71,71.42,85.43,100.81,115.52,129.91,142.9,154.27,164.32,173.18,179.45,184.53,189.67,191.92,193.91,194.76,195.02,195.68,196.33,196.99,197.97,198.88,199.41,199.56,199.74,199.83],"NumberOfBadHouses":[33,35,37,37,43,48,48,51,51,51,54,58,59,60,60,64,69,73,76,80,80,88,89,93,94,96,100,106,110,111,115,124],"NumberOfBankruptcies":[0,0,0,0,0,1,1,2,4,5,6,7,11,17,20,28,37,43,51,55,61,67,74,78,81,82,90,92,92,94,94,94]}